stackoverflow,stackoverflow
serverfault,serverfault
superuser,superuser
meta,meta.stackoverflow
webapps,webapps
gaming,gaming
webmasters,webmasters
cooking,cooking
gamedev,gamedev
photo,photo
stats,stats
math,math
diy,diy
gis,gis
tex,tex
askubuntu,askubuntu
money,money
english,english
stackapps,stackapps
ux,ux
unix,unix
wordpress,wordpress
cstheory,cstheory
apple,apple
rpg,rpg
bicycles,bicycles
softwareengineering,softwareengineering
electronics,electronics
android,android
boardgames,boardgames
physics,physics
homebrew,homebrew
security,security
writers,writers
video,video
graphicdesign,graphicdesign
dba,dba
scifi,scifi
codereview,codereview
codegolf,codegolf
quant,quant
pm,pm
skeptics,skeptics
fitness,fitness
drupal,drupal
mechanics,mechanics
parenting,parenting
sharepoint,sharepoint
music,music
sqa,sqa
judaism,judaism
german,german
japanese,japanese
philosophy,philosophy
gardening,gardening
travel,travel
productivity,productivity
crypto,crypto
dsp,dsp
french,french
christianity,christianity
bitcoin,bitcoin
linguistics,linguistics
hermeneutics,hermeneutics
history,history
bricks,bricks
spanish,spanish
scicomp,scicomp
movies,movies
chinese,chinese
biology,biology
poker,poker
mathematica,mathematica
cogsci,cogsci
outdoors,outdoors
martialarts,martialarts
sports,sports
academia,academia
cs,cs
workplace,workplace
windowsphone,windowsphone
chemistry,chemistry
chess,chess
raspberrypi,raspberrypi
russian,russian
islam,islam
salesforce,salesforce
patents,patents
genealogy,genealogy
robotics,robotics
expressionengine,expressionengine
politics,politics
anime,anime
magento,magento
ell,ell
sustainability,sustainability
tridion,tridion
reverseengineering,reverseengineering
networkengineering,networkengineering
opendata,opendata
freelancing,freelancing
blender,blender
space,space
sound,sound
astronomy,astronomy
tor,tor
pets,pets
ham,ham
italian,italian
aviation,aviation
ebooks,ebooks
alcohol,alcohol
softwarerecs,softwarerecs
arduino,arduino
cs50,cs50
expatriates,expatriates
matheducators,matheducators
vim,vi
earthscience,earthscience
joomla,joomla
datascience,datascience
puzzling,puzzling
craftcms,craftcms
buddhism,buddhism
hinduism,hinduism
communitybuilding,communitybuilding
startups,startups
worldbuilding,worldbuilding
emacs,emacs
hsm,hsm
economics,economics
lifehacks,lifehacks
engineering,engineering
coffee,coffee
vi,vi
musicfans,musicfans
woodworking,woodworking
civicrm,civicrm
health,health
rus,rus
mythology,mythology
law,law
opensource,opensource
elementaryos,elementaryos
portuguese,portuguese
computergraphics,computergraphics
hardwarerecs,hardwarerecs
3dprinting,3dprinting
ethereum,ethereum
latin,latin
languagelearning,languagelearning
retrocomputing,retrocomputing
crafts,crafts
korean,korean
monero,monero
ai,ai
esperanto,esperanto
sitecore,sitecore
iot,iot
literature,literature
vegetarianism,vegetarianism
ukrainian,ukrainian
devops,devops
bioinformatics,bioinformatics
cseducators,cseducators
so,stackoverflow
en,stackoverflow
enso,stackoverflow
ru,ru.stackoverflow
ruso,ru.stackoverflow
ja,ja.stackoverflow
jaso,ja.stackoverflow
pt,pt.stackoverflow
ptso,pt.stackoverflow
server,serverfault
super,superuser
user,superuser
ubuntu,askubuntu
different,apple
vim,vi
